[
  {
    "model": "assets.Store",
    "pk": 1,
    "fields": {
      "name": "MyStore",
      "description": "hi",
      "slug": "store_slug",
      "display_out_of_stock": true,
      "default_theme": null,
      "default_page": null,
      "public_base_url": "http://gifts.mystore.com",
      "updated_at": "2015-11-18 00:43:26"
    }
  },
  {
    "model": "assets.Store",
    "pk": 14,
    "fields": {
      "name": "MyOtherStore",
      "description": "hello",
      "slug": "store_slug",
      "display_out_of_stock": false,
      "default_theme": 2,
      "default_page": 8,
      "public_base_url": "http://gifts2.mystore.com",
      "updated_at": "2016-11-18 00:43:26"
    }
  },
  {
    "model": "assets.Theme",
    "pk": 2,
    "fields": {
      "name": "Default",
      "template": "mystore/landingpage/default/index.html",
      "updated_at": "2015-11-18 00:43:26"
    }
  },
  {
    "model": "assets.Product",
    "pk": 3,
    "fields": {
      "store": 1,
      "name": "Default",
      "description": "default default",
      "details": "<li>blah blah</li>",
      "url": "http://www.google.com/product",
      "sku": "1234",
      "price": 19.99,
      "sale_price": 9.99,
      "currency": "$",
      "in_stock": true,
      "default_image": 4,
      "updated_at": "2015-11-18 00:43:26"
    }
  },
  {
    "model": "assets.Product",
    "pk": 12,
    "fields": {
      "store": 1,
      "name": "Default2",
      "description": "wah",
      "details": "<li>wah wah</li>",
      "url": "http://www.facebook.com/product",
      "sku": "355353",
      "price": 20.99,
      "sale_price": 19.99,
      "currency": "$",
      "in_stock": false,
      "default_image": 4,
      "updated_at": "2015-11-18 00:43:26"
    }
  },
  {
    "model": "assets.Product",
    "pk": 13,
    "fields": {
      "name": "Default3",
      "store": 1,
      "price": 21.99,
      "in_stock": true,
      "default_image": 4,
      "updated_at": "2015-11-18 00:43:26"
    }
  },
  {
    "model": "assets.Product",
    "pk": 15,
    "fields": {
      "store": 14,
      "name": "Default4",
      "description": "default default",
      "details": "<li>blah blah</li>",
      "url": "http://www.google.com/product",
      "sku": "1234566789",
      "price": 29.99,
      "sale_price": 9.99,
      "currency": "$",
      "in_stock": true,
      "default_image": 11,
      "updated_at": "2015-11-18 00:43:26"
    }
  },
  {
    "model": "assets.Product",
    "pk": 111,
    "fields": {
      "store": 1,
      "name": "Default5",
      "description": "default5 default5",
      "details": "<li>5 5</li>",
      "url": "http://www.yahoo.com/product",
      "sku": "5555",
      "price": 19.99,
      "sale_price": 9.99,
      "currency": "$",
      "in_stock": true,
      "default_image": 4,
      "updated_at": "2015-12-18 00:43:26"
    }
  },
  {
    "model": "assets.Product",
    "pk": 112,
    "fields": {
      "store": 1,
      "name": "Default6",
      "description": "default6 default6",
      "details": "<li>6 6</li>",
      "url": "http://www.yahoo.com/product",
      "sku": "6666",
      "price": 2.99,
      "sale_price": 1.99,
      "currency": "$",
      "in_stock": true,
      "default_image": 4,
      "updated_at": "2015-12-18 00:43:26"
    }
  },
  {
    "model": "assets.ProductImage",
    "pk": 4,
    "fields": {
      "url": "/image.jpg",
      "original_url": "test.com/image.jpg",
      "file_type": "jpg",
      "file_checksum": "123456",
      "dominant_color": "#556677",
      "width": 100,
      "height": 100,
      "image_sizes": "{\"h400\": {\"url\": \"http://images.secondfunnel.com/foo/h400/bar.jpg\", \"height\": 400}, \"master\": {\"url\": \"http://images.secondfunnel.com/foo/bar.jpg\", \"width\": 640, \"height\": 480}}",
      "updated_at": "2015-11-18 00:43:26"
    }
  },
  {
    "model": "assets.ProductImage",
    "pk": 11,
    "fields": {
      "product": 13,
      "url": "/another-image.jpg",
      "original_url": "test.com/another-image.jpg",
      "file_type": "jpg",
      "file_checksum": "345678",
      "dominant_color": "#5500AA",
      "width": 200,
      "height": 200,
      "image_sizes": "{\"h400\": {\"url\": \"http://images.secondfunnel.com/foo/h400/bar.jpg\", \"height\": 400}, \"master\": {\"url\": \"http://images.secondfunnel.com/foo/bar.jpg\", \"width\": 640, \"height\": 480}, \"w400\": {\"url\": \"http://images.secondfunnel.com/foo/w400/bar.jpg\", \"width\": 400, \"height\": 400}}",
      "updated_at": "2015-11-18 00:43:26"
    }
  },
  {
    "model": "assets.Tag",
    "pk": 5,
    "fields": {
      "name": "TestTag",
      "store": 1,
      "updated_at": "2015-11-18 00:43:26"
    }
  },
  {
    "model": "assets.Content",
    "pk": 6,
    "fields": {
      "name": "blah6",
      "description": "wah wah wah",
      "url": "/content.jpg",
      "source": "upload",
      "source_url": "http://www.google.com",
      "store": 1,
      "updated_at": "2015-11-18 00:43:26",
      "status": "needs-review"
    }
  },
  {
    "model": "assets.Content",
    "pk": 16,
    "fields": {
      "name": "blah16",
      "description": "blah blah blah",
      "url": "/content2.jpg",
      "source": "upload",
      "source_url": "http://www.facebook.com",
      "store": 14,
      "updated_at": "2015-11-11 00:43:15",
      "status": "approved"
    }
  },
  {
    "model": "assets.Content",
    "pk": 534,
    "fields": {
      "name": "blah534",
      "description": "blah blah blah534",
      "url": "/contentMULTIPLE.jpg",
      "source": "upload",
      "source_url": "http://www.facebook.com",
      "store": 14,
      "updated_at": "2015-11-11 00:43:15",
      "status": "approved"
    }
  },
  {
    "model": "assets.Content",
    "pk": 535,
    "fields": {
      "name": "blah535",
      "description": "blah blah blah535",
      "url": "/contentMULTIPLE.jpg",
      "source": "upload",
      "source_url": "http://www.facebook.com",
      "store": 14,
      "updated_at": "2015-11-11 00:43:15",
      "status": "approved"
    }
  },
  {
    "model": "assets.Image",
    "pk": 6,
    "fields": {
      "file_type": "jpg",
      "file_checksum": "123456",
      "width": 350,
      "height": 600,
      "dominant_color": "#FF1122"
    }
  },
  {
    "model": "assets.Gif",
    "pk": 6,
    "fields": {
      "gif_url": "test.com/gif1.gif"
    }
  },
  {
    "model": "assets.Video",
    "pk": 6,
    "fields": {
      "url": "/content.jpg",
      "file_type": "jpg",
      "file_checksum": "345678",
      "player": "youtube",
      "original_id": "vid1originalID"
    }
  },
  {
    "model": "assets.Video",
    "pk": 16,
    "fields": {
      "url": "/content.png",
      "file_type": "png",
      "file_checksum": "987654",
      "player": "facebook",
      "original_id": "vid2originalID"
    }
  },
  {
    "model": "assets.Category",
    "pk": 7,
    "fields": {
      "name": "TestCategory",
      "store": 1,
      "updated_at": "2015-11-18 00:43:26"
    }
  },
  {
    "model": "assets.Category",
    "pk": 8,
    "fields": {
      "name": "TestCategory2",
      "store": 1,
      "updated_at": "2015-11-18 00:43:26"
    }
  },
  {
    "model": "assets.Page",
    "pk": 8,
    "fields": {
      "name": "TestPage1",
      "url_slug": "test_page",
      "store": 1,
      "feed": 9,
      "theme": 5,
      "theme_settings": {"color": "blue", "font": "bold"},
      "dashboard_settings": {"settings": "user","number_of_items": 5},
      "description": "TestPage1 Description",
      "campaign": null,
      "legal_copy": "Not Available",
      "updated_at": "2015-11-18 00:43:26"
    }
  },
  {
    "model": "assets.Page",
    "pk": 17,
    "fields": {
      "name": "TestPage2",
      "url_slug": "other_test_page",
      "store": 1,
      "feed": 13,
      "theme": 6,
      "theme_settings": {"color": "red","font": "italic"},
      "description": "TestPage2 Description",
      "legal_copy": "Store webpage",
      "updated_at": "2015-11-18 00:43:26"
    }
  },
  {
    "model": "assets.Page",
    "pk": 19,
    "fields": {
      "name": "TestPage3",
      "url_slug": "other_other_test_page",
      "store": 1,
      "theme": 6,
      "theme_settings": {"color": "yellow","font": "underlined"},
      "description": "TestPage3 Description",
      "legal_copy": "Store2 webpage",
      "updated_at": "2015-11-19 00:43:26"
    }
  },
  {
    "model": "assets.Feed",
    "pk": 9,
    "fields": {
      "store": 1,
      "updated_at": "2015-11-18 00:43:26",
      "feed_ratio": 0.20,
      "feed_algorithm": "magic"
    }
  },
    {
    "model": "assets.Feed",
    "pk": 13,
    "fields": {
      "store": 1,
      "feed_ratio": 0.6,
      "feed_algorithm": "priority",
      "updated_at": "2015-11-18 00:43:26"
    }
  },
  {
    "model": "assets.Feed",
    "pk": 18,
    "fields": {
      "store": 1,
      "feed_ratio": 0.3,
      "feed_algorithm": "non-priority",
      "updated_at": "2015-11-18 00:43:26"
    }
  },
  {
    "model": "assets.Feed",
    "pk": 19,
    "fields": {
      "store": 14,
      "updated_at": "2015-11-18 00:43:26"
    }
  },
  {
    "model": "assets.Tile",
    "pk": 10,
    "fields": {
      "template": "product",
      "feed": 9,
      "priority": 1,
      "products": [112],
      "content": [],
      "updated_at": "2015-11-18 00:43:26"
    }
  },
  {
    "model": "assets.Tile",
    "pk": 11,
    "fields": {
      "template": "content",
      "feed": 9,
      "priority": 2,
      "products": [],
      "content": [6],
      "updated_at": "2015-11-18 00:43:26"
    }
  },
  {
    "model": "assets.Tile",
    "pk": 12,
    "fields": {
      "template": "product",
      "feed": 9,
      "priority": 3,
      "products": [111],
      "content": [],
      "updated_at": "2015-11-18 00:43:26"
    }
  },
  {
    "model": "assets.Tile",
    "pk": 14,
    "fields": {
      "template": "content",
      "feed": 9,
      "priority": 4,
      "products": [],
      "content": [6],
      "updated_at": "2015-11-18 00:43:26"
    }
  },
  {
    "model": "assets.Tile",
    "pk": 15,
    "fields": {
      "template": "product",
      "feed": 9,
      "priority": 5,
      "products": [3],
      "content": [],
      "updated_at": "2015-11-18 00:43:26"
    }
  },
  {
    "model": "assets.Tile",
    "pk": 13,
    "fields": {
      "template": "product",
      "feed": 13,
      "products": [12],
      "content": [],
      "updated_at": "2015-11-18 00:43:26"
    }
  },
  {
    "model": "assets.Theme",
    "pk": 5,
    "fields": {
      "name": "Theme5",
      "template": 1,
      "updated_at": "2015-11-18 00:43:26"
    }
  },
  {
    "model": "assets.Theme",
    "pk": 6,
    "fields": {
      "name": "Theme6",
      "template": 2,
      "updated_at": "2015-11-11 11:11:11"
    }
  },
  {
    "model": "auth.user",
    "pk": 1,
    "fields": {
      "username": "testuser",
      "is_staff": true
    }
  },
  {
    "pk": 2,
    "model": "dashboard.userprofile",
    "fields": {
      "user": 1,
      "dashboards": [1]
    }
  },
  {
    "pk": 1,
    "model": "dashboard.dashboard",
    "fields": {
      "site_name": "Gap Summer Sales",
      "page": 8,
      "queries": []
    }
  }
]
