[
    {
        "pk": 1,
        "model": "pinpoint.blocktype",
        "fields": {
            "description": "",
            "created": "2012-10-19T15:40:46Z",
            "handler": "featured_product_wizard",
            "image": "internal_images/cb-product-200x100.png",
            "enabled": true,
            "last_modified": "2012-10-19T23:04:33Z",
            "slug": "content-featured",
            "name": "Featured Product"
        }
    },
    {
        "pk": 2,
        "model": "pinpoint.blocktype",
        "fields": {
            "description": "",
            "created": "2012-10-19T23:05:25Z",
            "handler": "",
            "image": "internal_images/cb-lookbook-200x100-cs.png",
            "enabled": false,
            "last_modified": "2012-12-04T18:52:05Z",
            "slug": "lookbook",
            "name": "Lookbook"
        }
    },
    {
        "pk": 3,
        "model": "pinpoint.blocktype",
        "fields": {
            "description": "",
            "created": "2012-10-19T23:05:45Z",
            "handler": "",
            "image": "internal_images/cb-collection-200x100-cs.png",
            "enabled": false,
            "last_modified": "2012-12-04T18:51:49Z",
            "slug": "themed-collection",
            "name": "Themed Collection"
        }
    },
    {
        "pk": 4,
        "model": "pinpoint.blocktype",
        "fields": {
            "description": "",
            "created": "2012-10-19T23:06:05Z",
            "handler": "shop_the_look_wizard",
            "image": "internal_images/cb-split-200x100.png",
            "enabled": true,
            "last_modified": "2012-12-20T20:19:36Z",
            "slug": "shop-look",
            "name": "Shop The Look"
        }
    },
    {
        "pk": 1,
        "model": "pinpoint.blockcontent",
        "fields": {
            "block_type": 1,
            "created": "2012-10-19T15:40:55Z",
            "object_id": 1,
            "priority": null,
            "last_modified": "2012-10-19T15:40:55Z",
            "content_type": 20
        }
    },
    {
        "pk": 2,
        "model": "pinpoint.blockcontent",
        "fields": {
            "block_type": 1,
            "created": "2012-11-13T19:23:52Z",
            "object_id": 2,
            "priority": null,
            "last_modified": "2012-11-13T19:23:52Z",
            "content_type": 26
        }
    },
    {
        "pk": 3,
        "model": "pinpoint.blockcontent",
        "fields": {
            "block_type": 1,
            "created": "2012-11-13T19:42:00Z",
            "object_id": 3,
            "priority": null,
            "last_modified": "2012-11-13T19:42:00Z",
            "content_type": 26
        }
    },
    {
        "pk": 4,
        "model": "pinpoint.blockcontent",
        "fields": {
            "block_type": 1,
            "created": "2012-12-04T18:55:47Z",
            "object_id": 4,
            "priority": null,
            "last_modified": "2012-12-04T18:55:47Z",
            "content_type": 26
        }
    },
    {
        "pk": 5,
        "model": "pinpoint.blockcontent",
        "fields": {
            "block_type": 1,
            "created": "2012-12-05T17:40:26Z",
            "object_id": 6,
            "priority": null,
            "last_modified": "2012-12-05T17:40:26Z",
            "content_type": 26
        }
    },
    {
        "pk": 6,
        "model": "pinpoint.blockcontent",
        "fields": {
            "block_type": 1,
            "created": "2012-12-05T17:48:55Z",
            "object_id": 7,
            "priority": null,
            "last_modified": "2012-12-05T17:48:55Z",
            "content_type": 26
        }
    },
    {
        "pk": 7,
        "model": "pinpoint.blockcontent",
        "fields": {
            "block_type": 1,
            "created": "2012-12-05T17:49:53Z",
            "object_id": 8,
            "priority": null,
            "last_modified": "2012-12-05T17:49:53Z",
            "content_type": 26
        }
    },
    {
        "pk": 8,
        "model": "pinpoint.blockcontent",
        "fields": {
            "block_type": 1,
            "created": "2012-12-05T17:50:19Z",
            "object_id": 9,
            "priority": null,
            "last_modified": "2012-12-05T17:50:19Z",
            "content_type": 26
        }
    },
    {
        "pk": 9,
        "model": "pinpoint.blockcontent",
        "fields": {
            "block_type": 1,
            "created": "2012-12-05T17:50:49Z",
            "object_id": 10,
            "priority": null,
            "last_modified": "2012-12-05T17:50:49Z",
            "content_type": 26
        }
    },
    {
        "pk": 10,
        "model": "pinpoint.blockcontent",
        "fields": {
            "block_type": 1,
            "created": "2012-12-07T20:28:45Z",
            "object_id": 11,
            "priority": null,
            "last_modified": "2012-12-07T20:28:45Z",
            "content_type": 26
        }
    },
    {
        "pk": 11,
        "model": "pinpoint.blockcontent",
        "fields": {
            "block_type": 1,
            "created": "2012-12-10T19:54:04Z",
            "object_id": 12,
            "priority": null,
            "last_modified": "2012-12-10T19:54:04Z",
            "content_type": 26
        }
    },
    {
        "pk": 12,
        "model": "pinpoint.blockcontent",
        "fields": {
            "block_type": 1,
            "created": "2012-12-10T22:46:27Z",
            "object_id": 13,
            "priority": null,
            "last_modified": "2012-12-10T22:46:27Z",
            "content_type": 26
        }
    },
    {
        "pk": 13,
        "model": "pinpoint.blockcontent",
        "fields": {
            "block_type": 1,
            "created": "2012-12-20T18:21:17Z",
            "object_id": 14,
            "priority": null,
            "last_modified": "2012-12-20T18:21:17Z",
            "content_type": 26
        }
    },
    {
        "pk": 14,
        "model": "pinpoint.blockcontent",
        "fields": {
            "block_type": 1,
            "created": "2012-12-20T20:14:46Z",
            "object_id": 15,
            "priority": null,
            "last_modified": "2012-12-20T20:15:00Z",
            "content_type": 26
        }
    },
    {
        "pk": 15,
        "model": "pinpoint.blockcontent",
        "fields": {
            "block_type": 4,
            "created": "2013-01-09T18:20:30Z",
            "object_id": 1,
            "priority": null,
            "last_modified": "2013-01-09T18:21:22Z",
            "content_type": 30
        }
    },
    {
        "pk": 16,
        "model": "pinpoint.blockcontent",
        "fields": {
            "block_type": 4,
            "created": "2013-01-09T18:26:27Z",
            "object_id": 2,
            "priority": null,
            "last_modified": "2013-01-09T18:31:11Z",
            "content_type": 30
        }
    },
    {
        "pk": 17,
        "model": "pinpoint.blockcontent",
        "fields": {
            "block_type": 4,
            "created": "2013-01-11T22:50:14Z",
            "object_id": 3,
            "priority": null,
            "last_modified": "2013-01-11T22:50:14Z",
            "content_type": 30
        }
    },
    {
        "pk": 18,
        "model": "pinpoint.blockcontent",
        "fields": {
            "block_type": 4,
            "created": "2013-01-15T00:01:20Z",
            "object_id": 4,
            "priority": null,
            "last_modified": "2013-01-15T20:26:26Z",
            "content_type": 30
        }
    },
    {
        "pk": 19,
        "model": "pinpoint.blockcontent",
        "fields": {
            "block_type": 4,
            "created": "2013-01-15T00:36:36Z",
            "object_id": 5,
            "priority": null,
            "last_modified": "2013-01-15T00:36:36Z",
            "content_type": 30
        }
    },
    {
        "pk": 20,
        "model": "pinpoint.blockcontent",
        "fields": {
            "block_type": 4,
            "created": "2013-01-15T21:42:36Z",
            "object_id": 6,
            "priority": null,
            "last_modified": "2013-01-15T21:42:36Z",
            "content_type": 30
        }
    },
    {
        "pk": 21,
        "model": "pinpoint.blockcontent",
        "fields": {
            "block_type": 4,
            "created": "2013-01-15T22:15:53Z",
            "object_id": 7,
            "priority": null,
            "last_modified": "2013-01-15T22:15:53Z",
            "content_type": 30
        }
    },
    {
        "pk": 22,
        "model": "pinpoint.blockcontent",
        "fields": {
            "block_type": 1,
            "created": "2013-01-17T17:23:53Z",
            "object_id": 16,
            "priority": null,
            "last_modified": "2013-01-17T17:23:53Z",
            "content_type": 26
        }
    },
    {
        "pk": 23,
        "model": "pinpoint.blockcontent",
        "fields": {
            "block_type": 4,
            "created": "2013-01-17T19:23:56Z",
            "object_id": 14,
            "priority": null,
            "last_modified": "2013-01-17T19:23:56Z",
            "content_type": 30
        }
    },
    {
        "pk": 24,
        "model": "pinpoint.blockcontent",
        "fields": {
            "block_type": 4,
            "created": "2013-01-17T20:47:54Z",
            "object_id": 15,
            "priority": null,
            "last_modified": "2013-01-17T20:47:54Z",
            "content_type": 30
        }
    },
    {
        "pk": 25,
        "model": "pinpoint.blockcontent",
        "fields": {
            "block_type": 4,
            "created": "2013-01-18T05:31:12Z",
            "object_id": 16,
            "priority": null,
            "last_modified": "2013-01-18T23:15:00Z",
            "content_type": 30
        }
    },
    {
        "pk": 26,
        "model": "pinpoint.blockcontent",
        "fields": {
            "block_type": 4,
            "created": "2013-01-18T23:54:53Z",
            "object_id": 17,
            "priority": null,
            "last_modified": "2013-01-18T23:55:13Z",
            "content_type": 30
        }
    },
    {
        "pk": 27,
        "model": "pinpoint.blockcontent",
        "fields": {
            "block_type": 4,
            "created": "2013-01-19T00:32:24Z",
            "object_id": 18,
            "priority": null,
            "last_modified": "2013-01-19T00:32:24Z",
            "content_type": 30
        }
    },
    {
        "pk": 28,
        "model": "pinpoint.blockcontent",
        "fields": {
            "block_type": 4,
            "created": "2013-01-21T23:27:20Z",
            "object_id": 19,
            "priority": null,
            "last_modified": "2013-01-21T23:27:20Z",
            "content_type": 30
        }
    },
    {
        "pk": 29,
        "model": "pinpoint.blockcontent",
        "fields": {
            "block_type": 1,
            "created": "2013-01-21T23:58:52Z",
            "object_id": 17,
            "priority": null,
            "last_modified": "2013-01-21T23:58:52Z",
            "content_type": 26
        }
    },
    {
        "pk": 30,
        "model": "pinpoint.blockcontent",
        "fields": {
            "block_type": 4,
            "created": "2013-01-22T23:22:19Z",
            "object_id": 20,
            "priority": null,
            "last_modified": "2013-01-22T23:22:19Z",
            "content_type": 30
        }
    },
    {
        "pk": 1,
        "model": "pinpoint.campaign",
        "fields": {
            "description": "",
            "created": "2012-10-23T18:53:24Z",
            "live": false,
            "last_modified": "2012-10-23T18:53:24Z",
            "content_blocks": [1],
            "discovery_blocks": [],
            "slug": "test-campaign",
            "store": 1,
            "name": "Test Campaign"
        }
    },
    {
        "pk": 2,
        "model": "pinpoint.campaign",
        "fields": {
            "description": "",
            "created": "2012-11-13T19:23:52Z",
            "live": true,
            "last_modified": "2012-11-13T19:23:52Z",
            "content_blocks": [2],
            "discovery_blocks": [],
            "slug": null,
            "store": 1,
            "name": "Featured: HTML5 FOR WEB DESIGNERS"
        }
    },
    {
        "pk": 3,
        "model": "pinpoint.campaign",
        "fields": {
            "description": "",
            "created": "2012-11-13T19:42:00Z",
            "live": true,
            "last_modified": "2012-11-13T19:42:00Z",
            "content_blocks": [3],
            "discovery_blocks": [],
            "slug": null,
            "store": 24,
            "name": "Featured: AE Lightweight Boyfriend Cardigan"
        }
    },
    {
        "pk": 4,
        "model": "pinpoint.campaign",
        "fields": {
            "description": "",
            "created": "2012-12-04T18:55:47Z",
            "live": true,
            "last_modified": "2012-12-04T18:55:59Z",
            "content_blocks": [4],
            "discovery_blocks": [],
            "slug": null,
            "store": 22,
            "name": "Featured: Halterneck Badeanzug"
        }
    },
    {
        "pk": 5,
        "model": "pinpoint.campaign",
        "fields": {
            "description": "",
            "created": "2012-12-05T17:40:26Z",
            "live": false,
            "last_modified": "2013-01-14T03:41:25Z",
            "content_blocks": [5],
            "discovery_blocks": [],
            "slug": "",
            "store": 120,
            "name": "Featured: Jefferson - Beaver Brown"
        }
    },
    {
        "pk": 6,
        "model": "pinpoint.campaign",
        "fields": {
            "description": "",
            "created": "2012-12-05T17:48:55Z",
            "live": true,
            "last_modified": "2012-12-05T17:48:55Z",
            "content_blocks": [6],
            "discovery_blocks": [],
            "slug": null,
            "store": 121,
            "name": "Featured: The Burgundy Herringbone Suit"
        }
    },
    {
        "pk": 7,
        "model": "pinpoint.campaign",
        "fields": {
            "description": "",
            "created": "2012-12-05T17:49:53Z",
            "live": true,
            "last_modified": "2012-12-05T17:49:53Z",
            "content_blocks": [7],
            "discovery_blocks": [],
            "slug": null,
            "store": 122,
            "name": "Featured: Size Newborn Girls by Carters"
        }
    },
    {
        "pk": 8,
        "model": "pinpoint.campaign",
        "fields": {
            "description": "",
            "created": "2012-12-05T17:50:19Z",
            "live": true,
            "last_modified": "2012-12-05T17:50:19Z",
            "content_blocks": [8],
            "discovery_blocks": [],
            "slug": null,
            "store": 123,
            "name": "Featured: 10-minute Bento"
        }
    },
    {
        "pk": 9,
        "model": "pinpoint.campaign",
        "fields": {
            "description": "",
            "created": "2012-12-05T17:50:49Z",
            "live": true,
            "last_modified": "2012-12-05T17:50:49Z",
            "content_blocks": [9],
            "discovery_blocks": [],
            "slug": null,
            "store": 124,
            "name": "Featured: roulette cocktail dress - coral/brown print"
        }
    },
    {
        "pk": 10,
        "model": "pinpoint.campaign",
        "fields": {
            "description": "",
            "created": "2012-12-07T20:28:45Z",
            "live": false,
            "last_modified": "2013-01-21T19:03:25Z",
            "content_blocks": [10],
            "discovery_blocks": [],
            "slug": "",
            "store": 21,
            "name": "Featured: fresh pore clarifying gentle cleansing oil"
        }
    },
    {
        "pk": 11,
        "model": "pinpoint.campaign",
        "fields": {
            "description": "",
            "created": "2012-12-10T19:54:04Z",
            "live": true,
            "last_modified": "2012-12-10T19:54:04Z",
            "content_blocks": [11],
            "discovery_blocks": [],
            "slug": null,
            "store": 121,
            "name": "Featured: The Burgundy Herringbone Suit"
        }
    },
    {
        "pk": 12,
        "model": "pinpoint.campaign",
        "fields": {
            "description": "",
            "created": "2012-12-10T22:46:27Z",
            "live": false,
            "last_modified": "2013-01-14T03:41:22Z",
            "content_blocks": [12],
            "discovery_blocks": [],
            "slug": "",
            "store": 120,
            "name": "Featured: Jefferson - Crayon Yellow"
        }
    },
    {
        "pk": 13,
        "model": "pinpoint.campaign",
        "fields": {
            "description": "",
            "created": "2012-12-20T18:21:17Z",
            "live": false,
            "last_modified": "2013-01-21T19:03:21Z",
            "content_blocks": [13],
            "discovery_blocks": [],
            "slug": "",
            "store": 21,
            "name": "Featured: karl for shu eyelash curler"
        }
    },
    {
        "pk": 14,
        "model": "pinpoint.campaign",
        "fields": {
            "description": "",
            "created": "2012-12-20T20:14:46Z",
            "live": true,
            "last_modified": "2012-12-20T20:15:00Z",
            "content_blocks": [14],
            "discovery_blocks": [],
            "slug": null,
            "store": 121,
            "name": "Featured: The Blue Herringbone Suit"
        }
    },
    {
        "pk": 15,
        "model": "pinpoint.campaign",
        "fields": {
            "description": "",
            "created": "2013-01-09T18:20:30Z",
            "live": false,
            "last_modified": "2013-01-09T18:21:22Z",
            "content_blocks": [15],
            "discovery_blocks": [],
            "slug": null,
            "store": 120,
            "name": "Featured: Jefferson - Beaver Brown"
        }
    },
    {
        "pk": 16,
        "model": "pinpoint.campaign",
        "fields": {
            "description": "",
            "created": "2013-01-09T18:26:27Z",
            "live": false,
            "last_modified": "2013-01-09T18:31:11Z",
            "content_blocks": [16],
            "discovery_blocks": [],
            "slug": null,
            "store": 120,
            "name": "Featured: Miller - Jiffy Black"
        }
    },
    {
        "pk": 17,
        "model": "pinpoint.campaign",
        "fields": {
            "description": "",
            "created": "2013-01-11T22:50:14Z",
            "live": false,
            "last_modified": "2013-01-14T03:41:29Z",
            "content_blocks": [17],
            "discovery_blocks": [],
            "slug": "",
            "store": 120,
            "name": "Shop The Look: Fitzsimmons - Beaver Brown"
        }
    },
    {
        "pk": 18,
        "model": "pinpoint.campaign",
        "fields": {
            "description": "",
            "created": "2013-01-15T00:01:20Z",
            "live": true,
            "last_modified": "2013-01-15T20:26:26Z",
            "content_blocks": [18],
            "discovery_blocks": [],
            "slug": null,
            "store": 120,
            "name": "LOOKBOOK #050"
        }
    },
    {
        "pk": 19,
        "model": "pinpoint.campaign",
        "fields": {
            "description": "",
            "created": "2013-01-15T00:36:36Z",
            "live": true,
            "last_modified": "2013-01-15T00:36:36Z",
            "content_blocks": [19],
            "discovery_blocks": [],
            "slug": null,
            "store": 120,
            "name": "lookbook49"
        }
    },
    {
        "pk": 20,
        "model": "pinpoint.campaign",
        "fields": {
            "description": "",
            "created": "2013-01-15T21:42:36Z",
            "live": true,
            "last_modified": "2013-01-15T21:42:36Z",
            "content_blocks": [20],
            "discovery_blocks": [],
            "slug": null,
            "store": 120,
            "name": "Shop The Look: Fitzsimmons - Beaver Brown"
        }
    },
    {
        "pk": 21,
        "model": "pinpoint.campaign",
        "fields": {
            "description": "",
            "created": "2013-01-15T22:15:53Z",
            "live": true,
            "last_modified": "2013-01-15T22:15:53Z",
            "content_blocks": [21],
            "discovery_blocks": [],
            "slug": null,
            "store": 120,
            "name": "Lookbook #48"
        }
    },
    {
        "pk": 22,
        "model": "pinpoint.campaign",
        "fields": {
            "description": "",
            "created": "2013-01-17T17:23:53Z",
            "live": false,
            "last_modified": "2013-01-21T19:03:18Z",
            "content_blocks": [22],
            "discovery_blocks": [],
            "slug": "",
            "store": 21,
            "name": "Featured Product: EYELASH CURLER"
        }
    },
    {
        "pk": 23,
        "model": "pinpoint.campaign",
        "fields": {
            "description": "",
            "created": "2013-01-17T19:23:56Z",
            "live": true,
            "last_modified": "2013-01-17T19:23:56Z",
            "content_blocks": [23],
            "discovery_blocks": [],
            "slug": null,
            "store": 120,
            "name": "Shop The Look: Fitzsimmons - Beaver Brown"
        }
    },
    {
        "pk": 24,
        "model": "pinpoint.campaign",
        "fields": {
            "description": "",
            "created": "2013-01-17T20:47:54Z",
            "live": false,
            "last_modified": "2013-01-21T19:03:14Z",
            "content_blocks": [24],
            "discovery_blocks": [],
            "slug": "",
            "store": 21,
            "name": "Shop The Look: ULTIMATE EXPRESSION MASCARA"
        }
    },
    {
        "pk": 25,
        "model": "pinpoint.campaign",
        "fields": {
            "description": "",
            "created": "2013-01-18T05:31:12Z",
            "live": true,
            "last_modified": "2013-01-18T23:15:00Z",
            "content_blocks": [25],
            "discovery_blocks": [],
            "slug": null,
            "store": 120,
            "name": "NATIVE SHOES COMMUNITY LOOKBOOK #051"
        }
    },
    {
        "pk": 26,
        "model": "pinpoint.campaign",
        "fields": {
            "description": "",
            "created": "2013-01-18T23:54:53Z",
            "live": true,
            "last_modified": "2013-01-18T23:55:13Z",
            "content_blocks": [26],
            "discovery_blocks": [],
            "slug": null,
            "store": 120,
            "name": " test NATIVE SHOES COMMUNITY LOOKBOOK #051"
        }
    },
    {
        "pk": 27,
        "model": "pinpoint.campaign",
        "fields": {
            "description": "",
            "created": "2013-01-19T00:32:24Z",
            "live": false,
            "last_modified": "2013-01-21T19:03:10Z",
            "content_blocks": [27],
            "discovery_blocks": [],
            "slug": "",
            "store": 21,
            "name": "Shop The Look: mint and vanilla palette"
        }
    },
    {
        "pk": 28,
        "model": "pinpoint.campaign",
        "fields": {
            "description": "",
            "created": "2013-01-21T23:27:20Z",
            "live": true,
            "last_modified": "2013-01-21T23:27:20Z",
            "content_blocks": [28],
            "discovery_blocks": [],
            "slug": null,
            "store": 21,
            "name": "Shop The Look: unmask palette green"
        }
    },
    {
        "pk": 29,
        "model": "pinpoint.campaign",
        "fields": {
            "description": "",
            "created": "2013-01-21T23:58:52Z",
            "live": true,
            "last_modified": "2013-01-21T23:58:52Z",
            "content_blocks": [29],
            "discovery_blocks": [],
            "slug": null,
            "store": 21,
            "name": "Featured Product: SYNTHETIC BRUSH 14"
        }
    },
    {
        "pk": 30,
        "model": "pinpoint.campaign",
        "fields": {
            "description": "",
            "created": "2013-01-22T23:22:19Z",
            "live": true,
            "last_modified": "2013-01-22T23:22:19Z",
            "content_blocks": [30],
            "discovery_blocks": [],
            "slug": null,
            "store": 21,
            "name": "Shop The Look: unmask palette green"
        }
    },
    {
        "pk": 1,
        "model": "pinpoint.featuredproductblock",
        "fields": {
            "product": 5,
            "description": "Description override.",
            "created": "2012-10-24T19:46:03Z",
            "existing_image": null,
            "last_modified": "2012-10-24T21:09:16Z",
            "custom_image": 1,
            "slug": "best-featured-product-block",
            "name": "The best featured product block"
        }
    },
    {
        "pk": 2,
        "model": "pinpoint.featuredproductblock",
        "fields": {
            "product": 2,
            "description": "The HTML5 spec is 900 pages and hard to read. HTML5 for Web Designers is 85 pages and fun to read. Easy choice.",
            "created": "2012-11-13T19:23:52Z",
            "existing_image": null,
            "last_modified": "2012-11-13T19:23:52Z",
            "custom_image": 2,
            "slug": null,
            "name": null
        }
    },
    {
        "pk": 3,
        "model": "pinpoint.featuredproductblock",
        "fields": {
            "product": 36,
            "description": "Like your boyfriend's but cooler.\r\n54% Cotton, 18% Polyester, 16% Acrylic, 12% Rayon\r\n\u2022 Soft knit cotton blend\r\n\u2022 Long and lean fit\r\n\u2022 Button front\r\n\u2022 V-neck\r\n\u2022 Hip patch pockets\r\n\u2022 Ribbed neck, cuffs and hem\r\nImported, Machine Wash",
            "created": "2012-11-13T19:42:00Z",
            "existing_image": 583,
            "last_modified": "2012-11-13T19:42:00Z",
            "custom_image": null,
            "slug": null,
            "name": null
        }
    },
    {
        "pk": 4,
        "model": "pinpoint.featuredproductblock",
        "fields": {
            "product": 175,
            "description": "Stylish swimsuit in black and white diamonds",
            "created": "2012-12-04T18:55:47Z",
            "existing_image": 729,
            "last_modified": "2012-12-04T18:55:59Z",
            "custom_image": null,
            "slug": null,
            "name": null
        }
    },
    {
        "pk": 6,
        "model": "pinpoint.featuredproductblock",
        "fields": {
            "product": 5139,
            "description": "No description",
            "created": "2012-12-05T17:40:26Z",
            "existing_image": 10501,
            "last_modified": "2012-12-05T17:40:26Z",
            "custom_image": null,
            "slug": null,
            "name": null
        }
    },
    {
        "pk": 7,
        "model": "pinpoint.featuredproductblock",
        "fields": {
            "product": 5142,
            "description": "The classic herringbone suit gets a modern update with a dose of this rich shade of burgundy.",
            "created": "2012-12-05T17:48:55Z",
            "existing_image": 10515,
            "last_modified": "2012-12-05T17:48:55Z",
            "custom_image": null,
            "slug": null,
            "name": null
        }
    },
    {
        "pk": 8,
        "model": "pinpoint.featuredproductblock",
        "fields": {
            "product": 6161,
            "description": "This bundle includes the following (from left to right):\r\nCarters summer dress with diaper cover\r\nCarters summer dress with diaper cover\r\nMoxie Jean offers FREE SHIPPING on orders over $40. Ordinary rate is a flat $5.95 per order.",
            "created": "2012-12-05T17:49:53Z",
            "existing_image": 12497,
            "last_modified": "2012-12-05T17:49:53Z",
            "custom_image": null,
            "slug": null,
            "name": null
        }
    },
    {
        "pk": 9,
        "model": "pinpoint.featuredproductblock",
        "fields": {
            "product": 5712,
            "description": "Ten-minute Bento is a bento cook-book in English written by Megumi Fujii. ",
            "created": "2012-12-05T17:50:19Z",
            "existing_image": 12663,
            "last_modified": "2012-12-05T17:50:19Z",
            "custom_image": null,
            "slug": null,
            "name": null
        }
    },
    {
        "pk": 10,
        "model": "pinpoint.featuredproductblock",
        "fields": {
            "product": 6461,
            "description": "colour: coral/brown print \r\nfabric: thick stretch cotton/polyester\r\nfit: small fitting (we suggest you go up a size)\r\nlength: approx 43cm waist to hem\r\nfeature: gold zip detailing\r\n",
            "created": "2012-12-05T17:50:49Z",
            "existing_image": 15539,
            "last_modified": "2012-12-05T17:50:49Z",
            "custom_image": null,
            "slug": null,
            "name": null
        }
    },
    {
        "pk": 11,
        "model": "pinpoint.featuredproductblock",
        "fields": {
            "product": 1225,
            "description": "for combination to oily skin conditions\r\n\r\nthe first step for \u201cpore-less skin\u201d\r\n\r\na lightweight cleansing oil that leaves the skin clean, fresh and refined.",
            "created": "2012-12-07T20:28:45Z",
            "existing_image": 2658,
            "last_modified": "2012-12-07T20:28:45Z",
            "custom_image": null,
            "slug": null,
            "name": null
        }
    },
    {
        "pk": 12,
        "model": "pinpoint.featuredproductblock",
        "fields": {
            "product": 5142,
            "description": "The classic herringbone suit gets a modern update with a dose of this rich shade of burgundy.",
            "created": "2012-12-10T19:54:03Z",
            "existing_image": 20580,
            "last_modified": "2012-12-10T19:54:03Z",
            "custom_image": null,
            "slug": null,
            "name": null
        }
    },
    {
        "pk": 13,
        "model": "pinpoint.featuredproductblock",
        "fields": {
            "product": 5395,
            "description": "Name? Matthew Burditt\r\nWhat do you do? Photographer\r\nWhat are you wearing? The Jimmy Boot in Jiffy Black, jeans Levi's, sweater Nautica, coat Vintage\r\nWhat's your biggest pet peeve? Men that don't have an upper lip.\r\n",
            "created": "2012-12-10T22:46:27Z",
            "existing_image": 10574,
            "last_modified": "2012-12-10T22:46:27Z",
            "custom_image": null,
            "slug": null,
            "name": null
        }
    },
    {
        "pk": 14,
        "model": "pinpoint.featuredproductblock",
        "fields": {
            "product": 1212,
            "description": "the renowned eyelash curler now features the magnifique KL touch! a special edition eyelash curler with an adorable mon shu girl charm.",
            "created": "2012-12-20T18:21:17Z",
            "existing_image": 2824,
            "last_modified": "2012-12-20T18:21:17Z",
            "custom_image": null,
            "slug": null,
            "name": null
        }
    },
    {
        "pk": 15,
        "model": "pinpoint.featuredproductblock",
        "fields": {
            "product": 5337,
            "description": "The classicksdfl;kgjsdf;lkgjsd;fkgjds;klgj;sdlfkgj",
            "created": "2012-12-20T20:14:46Z",
            "existing_image": 15454,
            "last_modified": "2012-12-20T20:15:00Z",
            "custom_image": null,
            "slug": null,
            "name": null
        }
    },
    {
        "pk": 16,
        "model": "pinpoint.featuredproductblock",
        "fields": {
            "product": 1218,
            "description": "The emblematic, best-selling and award-winning shu uemura eyelash curler featuring enhanced design and upgraded features for ultimate precision that delivers the perfect curl.",
            "created": "2013-01-17T17:23:53Z",
            "existing_image": 20841,
            "last_modified": "2013-01-17T17:23:53Z",
            "custom_image": null,
            "slug": null,
            "name": null
        }
    },
    {
        "pk": 17,
        "model": "pinpoint.featuredproductblock",
        "fields": {
            "product": 220,
            "description": "Designed with synthetic fiber, this brush is ideal for liquid or cream foundation/concealer. It is great for cream blushes and can be used to blend foundation.",
            "created": "2013-01-21T23:58:52Z",
            "existing_image": 20831,
            "last_modified": "2013-01-21T23:58:52Z",
            "custom_image": null,
            "slug": null,
            "name": null
        }
    },
    {
        "pk": 1,
        "model": "pinpoint.shopthelookblock",
        "fields": {
            "product": 5139,
            "description": "Name? Luka Zander Craig\r\nWhat do you do? Keep my parents active\r\nWhat are you wearing? The Millers in Jiffy Black\r\nWhat do you want to be when you grow up? I want to be a firefighter when I grow up, but it's just taking so long",
            "created": "2013-01-09T18:20:30Z",
            "custom_ls_image": 121,
            "existing_ls_image": null,
            "existing_image": 10501,
            "last_modified": "2013-01-09T18:21:22Z",
            "custom_image": null,
            "slug": null,
            "name": null
        }
    },
    {
        "pk": 2,
        "model": "pinpoint.shopthelookblock",
        "fields": {
            "product": 5445,
            "description": "Name? Luka Zander Craig\r\nWhat do you do? Keep my parents active\r\nWhat are you wearing? The Millers in Jiffy Black\r\nWhat do you want to be when you grow up? I want to be a firefighter when I grow up, but it's just taking so long",
            "created": "2013-01-09T18:26:26Z",
            "custom_ls_image": 123,
            "existing_ls_image": null,
            "existing_image": 10723,
            "last_modified": "2013-01-09T18:31:11Z",
            "custom_image": null,
            "slug": null,
            "name": null
        }
    },
    {
        "pk": 3,
        "model": "pinpoint.shopthelookblock",
        "fields": {
            "product": 5472,
            "description": "Name? Siouxsie Gletzer\r\nWhat do you do? Student/model/mad scientist\r\nWhat are you wearing? The Fitzsimmons in Beaver Brown, top H&M, socks American Apparel, jewellery vintage\r\nFavorite scientist? Schr\u00f6dinger",
            "created": "2013-01-11T22:50:14Z",
            "custom_ls_image": 124,
            "existing_ls_image": null,
            "existing_image": 10805,
            "last_modified": "2013-01-11T22:50:14Z",
            "custom_image": null,
            "slug": null,
            "name": null
        }
    },
    {
        "pk": 4,
        "model": "pinpoint.shopthelookblock",
        "fields": {
            "product": 5472,
            "description": "<b>Name?</b> Siouxsie Gletzer\r\n<b>What do you do?</b> Student/model/mad scientist\r\n<b>What are you wearing?</b> The Fitzsimmons in Beaver Brown, top H&M, socks American Apparel, jewellery vintage\r\n<b>Favorite scientist?</b> Schr\u00f6dinger",
            "created": "2013-01-15T00:01:19Z",
            "custom_ls_image": 125,
            "existing_ls_image": null,
            "existing_image": 10805,
            "last_modified": "2013-01-15T20:26:26Z",
            "custom_image": null,
            "slug": null,
            "name": null
        }
    },
    {
        "pk": 5,
        "model": "pinpoint.shopthelookblock",
        "fields": {
            "product": 5445,
            "description": "Name? Luka Zander Craig\r\nWhat do you do? Keep my parents active\r\nWhat are you wearing? The Millers in Jiffy Black, jeans H&M, sweater Gap, touque vintage\r\nWhat do you want to be when you grow up? I want to be a firefighter when I grow up",
            "created": "2013-01-15T00:36:36Z",
            "custom_ls_image": 126,
            "existing_ls_image": null,
            "existing_image": 10723,
            "last_modified": "2013-01-15T00:36:36Z",
            "custom_image": null,
            "slug": null,
            "name": null
        }
    },
    {
        "pk": 6,
        "model": "pinpoint.shopthelookblock",
        "fields": {
            "product": 5472,
            "description": "<b>Name?</b> Siouxsie Gletzer\r\n<b>What do you do?</b> Student/model/mad scientist\r\n<b>What are you wearing?</b> The Fitzsimmons in Beaver Brown, top H&M, socks American Apparel, jewellery vintage\r\n<b>Favorite scientist?</b> Schr\u00f6dinger",
            "created": "2013-01-15T21:42:36Z",
            "custom_ls_image": 127,
            "existing_ls_image": null,
            "existing_image": 10805,
            "last_modified": "2013-01-15T21:42:36Z",
            "custom_image": null,
            "slug": null,
            "name": null
        }
    },
    {
        "pk": 7,
        "model": "pinpoint.shopthelookblock",
        "fields": {
            "product": 5548,
            "description": "<b>Name? </b> Shirin Kiamanesh\r\nWhat do you do? Marketing Manager\r\nWhat are you wearing? Torch Red Fitzsimmons, hat Terry, necklace vintage, jeans Mavi, shirt Madewell\r\nTravelled anywhere recently? San Francisco",
            "created": "2013-01-15T22:15:53Z",
            "custom_ls_image": 128,
            "existing_ls_image": null,
            "existing_image": 11033,
            "last_modified": "2013-01-15T22:15:53Z",
            "custom_image": null,
            "slug": null,
            "name": null
        }
    },
    {
        "pk": 14,
        "model": "pinpoint.shopthelookblock",
        "fields": {
            "product": 5472,
            "description": "Name? Siouxsie Gletzer\r\nWhat do you do? Student/model/mad scientist\r\nWhat are you wearing? The Fitzsimmons in Beaver Brown, top H&M, socks American Apparel, jewellery vintage\r\nFavorite scientist? Schr\u00f6dinger",
            "created": "2013-01-17T19:23:56Z",
            "custom_ls_image": 130,
            "existing_ls_image": null,
            "existing_image": 10804,
            "last_modified": "2013-01-17T19:23:56Z",
            "custom_image": null,
            "slug": null,
            "name": null
        }
    },
    {
        "pk": 15,
        "model": "pinpoint.shopthelookblock",
        "fields": {
            "product": 1217,
            "description": "To celebrate the story and evolution of \u201cUNMASK\u201d as well as the 30 years of the very first shu uemura boutique in Tokyo, international chief make-up artist for shu uemura, Yuki Asano, selects a range of sherbet pastel colours and names the collectio",
            "created": "2013-01-17T20:47:53Z",
            "custom_ls_image": 131,
            "existing_ls_image": null,
            "existing_image": 20840,
            "last_modified": "2013-01-17T20:47:53Z",
            "custom_image": null,
            "slug": null,
            "name": null
        }
    },
    {
        "pk": 16,
        "model": "pinpoint.shopthelookblock",
        "fields": {
            "product": 10378,
            "description": "<b>Name?</b> Tristan Casey\r\n<b>What do you do?</b> Photographer\r\n<b>What are you wearing?</b> The Fitzsimmons in Jiffy Black, jacket J. Crew, shirt Levi's, pants Club Monaco\r\n<b>Favorite color of socks?</b> Red or no socks at all",
            "created": "2013-01-18T05:31:12Z",
            "custom_ls_image": 132,
            "existing_ls_image": null,
            "existing_image": 21291,
            "last_modified": "2013-01-18T23:15:00Z",
            "custom_image": null,
            "slug": null,
            "name": null
        }
    },
    {
        "pk": 17,
        "model": "pinpoint.shopthelookblock",
        "fields": {
            "product": 5385,
            "description": "Name? Tristan Casey\r\nWhat do you do? Photographer\r\nWhat are you wearing? The Fitzsimmons in Jiffy Black, jacket J. Crew, shirt Levi's, pants Club Monaco\r\nFavorite color of socks? Red or no socks at all\r\n",
            "created": "2013-01-18T23:54:53Z",
            "custom_ls_image": 133,
            "existing_ls_image": null,
            "existing_image": 10545,
            "last_modified": "2013-01-18T23:55:13Z",
            "custom_image": null,
            "slug": null,
            "name": null
        }
    },
    {
        "pk": 18,
        "model": "pinpoint.shopthelookblock",
        "fields": {
            "product": 1209,
            "description": "To celebrate \u201cUNMASK\u201d and the 30 years of the very first shu uemura boutique in Tokyo, international chief make-up artist for shu uemura, Yuki Asano, selects a range of sherbet pastel colours and names the collection \u201cBlossom Dream\u201d.",
            "created": "2013-01-19T00:32:24Z",
            "custom_ls_image": 135,
            "existing_ls_image": null,
            "existing_image": null,
            "last_modified": "2013-01-19T00:32:24Z",
            "custom_image": null,
            "slug": null,
            "name": null
        }
    },
    {
        "pk": 19,
        "model": "pinpoint.shopthelookblock",
        "fields": {
            "product": 1246,
            "description": "re-discover the joy of shu uemura\u2019s professional atelier of color with three new special edition matte textured refills in charming pastel shades in a refillable quad custom case.",
            "created": "2013-01-21T23:27:20Z",
            "custom_ls_image": 136,
            "existing_ls_image": null,
            "existing_image": null,
            "last_modified": "2013-01-21T23:27:20Z",
            "custom_image": null,
            "slug": null,
            "name": null
        }
    },
    {
        "pk": 20,
        "model": "pinpoint.shopthelookblock",
        "fields": {
            "product": 11169,
            "description": "re-discover the joy of shu uemura\u2019s professional atelier of color with three new special edition matte textured refills in charming pastel shades in a refillable quad custom case.",
            "created": "2013-01-22T23:22:19Z",
            "custom_ls_image": 137,
            "existing_ls_image": null,
            "existing_image": 21889,
            "last_modified": "2013-01-22T23:22:19Z",
            "custom_image": null,
            "slug": null,
            "name": null
        }
    }
]