[{"pk": 3, "model": "analytics.category", "fields": {"default": false, "order": 3, "enabled": true, "name": "Awareness", "slug": "awareness"}}, {"pk": 1, "model": "analytics.category", "fields": {"default": true, "order": 2, "enabled": true, "name": "Engagement", "slug": "engagement"}}, {"pk": 2, "model": "analytics.category", "fields": {"default": false, "order": 1, "enabled": true, "name": "Sharing", "slug": "sharing"}}, {"pk": 1, "model": "analytics.metric", "fields": {"data": [], "enabled": true, "name": "Total Interactions", "slug": "total-interactions"}}, {"pk": 2, "model": "analytics.metric", "fields": {"data": [], "enabled": true, "name": "Product Clicks", "slug": "inpage-openpopup"}}, {"pk": 3, "model": "analytics.metric", "fields": {"data": [], "enabled": true, "name": "Other Shares", "slug": "share-clicked"}}, {"pk": 4, "model": "analytics.metric", "fields": {"data": [], "enabled": true, "name": "Shared (Posted)", "slug": "share-shared"}}, {"pk": 5, "model": "analytics.metric", "fields": {"data": [], "enabled": true, "name": "Total Shares", "slug": "total-shares"}}, {"pk": 6, "model": "analytics.metric", "fields": {"data": [], "enabled": true, "name": "Product Interactions", "slug": "product-interactions"}}, {"pk": 7, "model": "analytics.metric", "fields": {"data": [], "enabled": true, "name": "Content Interactions", "slug": "content-interactions"}}, {"pk": 8, "model": "analytics.metric", "fields": {"data": [], "enabled": true, "name": "Total Visitors", "slug": "awareness-visitors"}}, {"pk": 9, "model": "analytics.metric", "fields": {"data": [], "enabled": true, "name": "Total Pageviews", "slug": "awareness-pageviews"}}, {"pk": 11, "model": "analytics.metric", "fields": {"data": [], "enabled": true, "name": "Not a Bounce", "slug": "visit-noBounce"}}, {"pk": 12, "model": "analytics.metric", "fields": {"data": [], "enabled": true, "name": "Total No Bounces", "slug": "total-no-bounces"}}, {"pk": 13, "model": "analytics.metric", "fields": {"data": [], "enabled": true, "name": "Likes", "slug": "share-liked"}}, {"pk": 14, "model": "analytics.metric", "fields": {"data": [], "enabled": true, "name": "Product Hovers", "slug": "inpage-hover"}}, {"pk": 15, "model": "analytics.metric", "fields": {"data": [], "enabled": true, "name": "Videos", "slug": "content-video"}}, {"pk": 16, "model": "analytics.metric", "fields": {"data": [], "enabled": true, "name": "Content Hovers", "slug": "content-hover"}}, {"pk": 17, "model": "analytics.metric", "fields": {"data": [], "enabled": true, "name": "Content Clicks", "slug": "content-openpopup"}}, {"pk": 18, "model": "analytics.metric", "fields": {"data": [], "enabled": true, "name": "Visits by Location", "slug": "awareness-location"}}, {"pk": 19, "model": "analytics.metric", "fields": {"data": [], "enabled": true, "name": "Content Hover Source", "slug": "content-hover-source"}}, {"pk": 20, "model": "analytics.metric", "fields": {"data": [], "enabled": true, "name": "Content Click Source", "slug": "content-openpopup-source"}}, {"pk": 21, "model": "analytics.metric", "fields": {"data": [], "enabled": true, "name": "Content Video Source", "slug": "content-video-source"}}, {"pk": 22, "model": "analytics.metric", "fields": {"data": [], "enabled": true, "name": "Product Hover Source", "slug": "inpage-hover-source"}}, {"pk": 23, "model": "analytics.metric", "fields": {"data": [], "enabled": true, "name": "Product Click source", "slug": "inpage-openpopup-source"}}, {"pk": 24, "model": "analytics.metric", "fields": {"data": [], "enabled": true, "name": "Share Clicked Source", "slug": "share-clicked-source"}}, {"pk": 25, "model": "analytics.metric", "fields": {"data": [], "enabled": true, "name": "Share Liked Source", "slug": "share-liked-source"}}, {"pk": 26, "model": "analytics.metric", "fields": {"data": [], "enabled": true, "name": "Visit No Bounce source", "slug": "visit-noBounce-source"}}, {"pk": 4, "model": "analytics.categoryhasmetric", "fields": {"category": 1, "metric": 1, "is_meta": true, "order": 8, "display": true}}, {"pk": 2, "model": "analytics.categoryhasmetric", "fields": {"category": 1, "metric": 6, "is_meta": false, "order": 7, "display": false}}, {"pk": 1, "model": "analytics.categoryhasmetric", "fields": {"category": 1, "metric": 2, "is_meta": false, "order": 6, "display": false}}, {"pk": 14, "model": "analytics.categoryhasmetric", "fields": {"category": 1, "metric": 14, "is_meta": false, "order": 5, "display": false}}, {"pk": 3, "model": "analytics.categoryhasmetric", "fields": {"category": 1, "metric": 7, "is_meta": false, "order": 4, "display": false}}, {"pk": 7, "model": "analytics.categoryhasmetric", "fields": {"category": 2, "metric": 5, "is_meta": true, "order": 3, "display": true}}, {"pk": 17, "model": "analytics.categoryhasmetric", "fields": {"category": 1, "metric": 17, "is_meta": false, "order": 3, "display": false}}, {"pk": 8, "model": "analytics.categoryhasmetric", "fields": {"category": 3, "metric": 8, "is_meta": true, "order": 2, "display": true}}, {"pk": 13, "model": "analytics.categoryhasmetric", "fields": {"category": 2, "metric": 13, "is_meta": false, "order": 2, "display": false}}, {"pk": 16, "model": "analytics.categoryhasmetric", "fields": {"category": 1, "metric": 16, "is_meta": false, "order": 2, "display": false}}, {"pk": 5, "model": "analytics.categoryhasmetric", "fields": {"category": 2, "metric": 3, "is_meta": false, "order": 1, "display": false}}, {"pk": 9, "model": "analytics.categoryhasmetric", "fields": {"category": 3, "metric": 9, "is_meta": true, "order": 1, "display": true}}, {"pk": 15, "model": "analytics.categoryhasmetric", "fields": {"category": 1, "metric": 15, "is_meta": false, "order": 1, "display": false}}, {"pk": 6, "model": "analytics.categoryhasmetric", "fields": {"category": 2, "metric": 4, "is_meta": false, "order": 0, "display": false}}, {"pk": 11, "model": "analytics.categoryhasmetric", "fields": {"category": 1, "metric": 11, "is_meta": false, "order": 0, "display": false}}, {"pk": 12, "model": "analytics.categoryhasmetric", "fields": {"category": 1, "metric": 12, "is_meta": false, "order": 0, "display": false}}, {"pk": 18, "model": "analytics.categoryhasmetric", "fields": {"category": 3, "metric": 18, "is_meta": false, "order": 0, "display": false}}, {"pk": 19, "model": "analytics.categoryhasmetric", "fields": {"category": 2, "metric": 25, "is_meta": false, "order": 0, "display": false}}, {"pk": 20, "model": "analytics.categoryhasmetric", "fields": {"category": 2, "metric": 24, "is_meta": false, "order": 0, "display": false}}, {"pk": 21, "model": "analytics.categoryhasmetric", "fields": {"category": 1, "metric": 19, "is_meta": false, "order": 0, "display": false}}, {"pk": 22, "model": "analytics.categoryhasmetric", "fields": {"category": 1, "metric": 20, "is_meta": false, "order": 0, "display": false}}, {"pk": 23, "model": "analytics.categoryhasmetric", "fields": {"category": 1, "metric": 22, "is_meta": false, "order": 0, "display": false}}, {"pk": 24, "model": "analytics.categoryhasmetric", "fields": {"category": 1, "metric": 23, "is_meta": false, "order": 0, "display": false}}, {"pk": 25, "model": "analytics.categoryhasmetric", "fields": {"category": 1, "metric": 26, "is_meta": false, "order": 0, "display": false}}, {"pk": 26, "model": "analytics.categoryhasmetric", "fields": {"category": 1, "metric": 21, "is_meta": false, "order": 0, "display": false}}]
